ID=12345,name=はるのたろう,gender=men,hobby=34,mobilephone=3,food=234
ID=12345,name=はるのたろう,gender=women,hobby=34,mobilephone=3,food=234
ID=12345,name=はるのたろう,gender=women,hobby=34,mobilephone=3,food=234
ID=12345,name=はるのたろう,gender=women,hobby=34,mobilephone=3,food=234
ID=12345,name=はるのたろう,gender=women,hobby=34,mobilephone=3,food=234
ID=12345,name=はるのたろう,gender=women,hobby=34,mobilephone=3,food=234
ID=12345,name=はるのたろう,gender=women,hobby=34,mobilephone=3,food=234
ID=12345,name=はるのたろう,gender=women,hobby=34,mobilephone=3,food=234
ID=12345,name=はるのたろう,gender=women,hobby=34,mobilephone=3,food=234
ID=12345,name=はるのたろう,gender=women,hobby=34,mobilephone=3,food=234
ID=12345,name=はるのたろう,gender=men,hobby=34,mobilephone=3,food=234
